[
  {
    "avatar_url": "https://avatars.githubusercontent.com/u/3803196?v=4&s=80",
    "contributions": 2433,
    "profile_url": "https://github.com/nunocoracao",
    "username": "nunocoracao"
  },
  {
    "avatar_url": "https://avatars.githubusercontent.com/in/29110?v=4&s=80",
    "contributions": 518,
    "profile_url": "https://github.com/apps/dependabot",
    "username": "dependabot[bot]"
  },
  {
    "avatar_url": "https://avatars.githubusercontent.com/u/98386542?v=4&s=80",
    "contributions": 307,
    "profile_url": "https://github.com/ZhenShuo2021",
    "username": "ZhenShuo2021"
  },
  {
    "avatar_url": "https://avatars.githubusercontent.com/u/28601784?v=4&s=80",
    "contributions": 46,
    "profile_url": "https://github.com/mircea-pavel-anton",
    "username": "mircea-pavel-anton"
  },
  {
    "avatar_url": "https://avatars.githubusercontent.com/u/108001913?v=4&s=80",
    "contributions": 33,
    "profile_url": "https://github.com/Lemon73-Computing",
    "username": "Lemon73-Computing"
  },
  {
    "avatar_url": "https://avatars.githubusercontent.com/u/195884188?v=4&s=80",
    "contributions": 30,
    "profile_url": "https://github.com/servedsmart",
    "username": "servedsmart"
  },
  {
    "avatar_url": "https://avatars.githubusercontent.com/u/20680212?v=4&s=80",
    "contributions": 30,
    "profile_url": "https://github.com/Weaxs",
    "username": "Weaxs"
  },
  {
    "avatar_url": "https://avatars.githubusercontent.com/u/7031754?v=4&s=80",
    "contributions": 21,
    "profile_url": "https://github.com/MaikelChan",
    "username": "MaikelChan"
  },
  {
    "avatar_url": "https://avatars.githubusercontent.com/u/123167756?v=4&s=80",
    "contributions": 20,
    "profile_url": "https://github.com/BabaRagnarok",
    "username": "BabaRagnarok"
  },
  {
    "avatar_url": "https://avatars.githubusercontent.com/u/16728561?v=4&s=80",
    "contributions": 14,
    "profile_url": "https://github.com/Aphcity",
    "username": "Aphcity"
  },
  {
    "avatar_url": "https://avatars.githubusercontent.com/u/1546333?v=4&s=80",
    "contributions": 14,
    "profile_url": "https://github.com/wtchangdm",
    "username": "wtchangdm"
  },
  {
    "avatar_url": "https://avatars.githubusercontent.com/u/40151420?v=4&s=80",
    "contributions": 13,
    "profile_url": "https://github.com/ldericher",
    "username": "ldericher"
  },
  {
    "avatar_url": "https://avatars.githubusercontent.com/u/63574588?v=4&s=80",
    "contributions": 13,
    "profile_url": "https://github.com/wermos",
    "username": "wermos"
  },
  {
    "avatar_url": "https://avatars.githubusercontent.com/u/39312305?v=4&s=80",
    "contributions": 12,
    "profile_url": "https://github.com/insidemordecai",
    "username": "insidemordecai"
  },
  {
    "avatar_url": "https://avatars.githubusercontent.com/u/14023456?v=4&s=80",
    "contributions": 12,
    "profile_url": "https://github.com/ragibson",
    "username": "ragibson"
  },
  {
    "avatar_url": "https://avatars.githubusercontent.com/u/48058525?v=4&s=80",
    "contributions": 12,
    "profile_url": "https://github.com/pfrogond",
    "username": "pfrogond"
  },
  {
    "avatar_url": "https://avatars.githubusercontent.com/u/22768251?v=4&s=80",
    "contributions": 12,
    "profile_url": "https://github.com/daniel-odrinski",
    "username": "daniel-odrinski"
  },
  {
    "avatar_url": "https://avatars.githubusercontent.com/u/46283223?v=4&s=80",
    "contributions": 11,
    "profile_url": "https://github.com/alxhslm",
    "username": "alxhslm"
  },
  {
    "avatar_url": "https://avatars.githubusercontent.com/u/73018805?v=4&s=80",
    "contributions": 11,
    "profile_url": "https://github.com/SmileGuide",
    "username": "SmileGuide"
  },
  {
    "avatar_url": "https://avatars.githubusercontent.com/u/83875983?v=4&s=80",
    "contributions": 10,
    "profile_url": "https://github.com/Ast3risk-ops",
    "username": "Ast3risk-ops"
  },
  {
    "avatar_url": "https://avatars.githubusercontent.com/u/185598?v=4&s=80",
    "contributions": 10,
    "profile_url": "https://github.com/madoke",
    "username": "madoke"
  },
  {
    "avatar_url": "https://avatars.githubusercontent.com/u/110763842?v=4&s=80",
    "contributions": 9,
    "profile_url": "https://github.com/RxChi1d",
    "username": "RxChi1d"
  },
  {
    "avatar_url": "https://avatars.githubusercontent.com/u/32818386?v=4&s=80",
    "contributions": 9,
    "profile_url": "https://github.com/laterre39",
    "username": "laterre39"
  },
  {
    "avatar_url": "https://avatars.githubusercontent.com/u/49299328?v=4&s=80",
    "contributions": 8,
    "profile_url": "https://github.com/LITUATUI",
    "username": "LITUATUI"
  },
  {
    "avatar_url": "https://avatars.githubusercontent.com/u/22131782?v=4&s=80",
    "contributions": 8,
    "profile_url": "https://github.com/racehd",
    "username": "racehd"
  },
  {
    "avatar_url": "https://avatars.githubusercontent.com/u/227486?v=4&s=80",
    "contributions": 8,
    "profile_url": "https://github.com/chrisbanes",
    "username": "chrisbanes"
  },
  {
    "avatar_url": "https://avatars.githubusercontent.com/u/927896?v=4&s=80",
    "contributions": 7,
    "profile_url": "https://github.com/fuse314",
    "username": "fuse314"
  },
  {
    "avatar_url": "https://avatars.githubusercontent.com/u/48385577?v=4&s=80",
    "contributions": 6,
    "profile_url": "https://github.com/nofalbriansah",
    "username": "nofalbriansah"
  },
  {
    "avatar_url": "https://avatars.githubusercontent.com/u/593379?v=4&s=80",
    "contributions": 6,
    "profile_url": "https://github.com/androw",
    "username": "androw"
  },
  {
    "avatar_url": "https://avatars.githubusercontent.com/u/23740867?v=4&s=80",
    "contributions": 6,
    "profile_url": "https://github.com/mnjm",
    "username": "mnjm"
  },
  {
    "avatar_url": "https://avatars.githubusercontent.com/u/31572931?v=4&s=80",
    "contributions": 5,
    "profile_url": "https://github.com/jmmarino2",
    "username": "jmmarino2"
  },
  {
    "avatar_url": "https://avatars.githubusercontent.com/u/1886360?v=4&s=80",
    "contributions": 5,
    "profile_url": "https://github.com/michaeldorner",
    "username": "michaeldorner"
  },
  {
    "avatar_url": "https://avatars.githubusercontent.com/u/27051374?v=4&s=80",
    "contributions": 5,
    "profile_url": "https://github.com/ajmandourah",
    "username": "ajmandourah"
  },
  {
    "avatar_url": "https://avatars.githubusercontent.com/u/5170081?v=4&s=80",
    "contributions": 5,
    "profile_url": "https://github.com/iunn-sh",
    "username": "iunn-sh"
  },
  {
    "avatar_url": "https://avatars.githubusercontent.com/u/92191413?v=4&s=80",
    "contributions": 5,
    "profile_url": "https://github.com/mztiq",
    "username": "mztiq"
  },
  {
    "avatar_url": "https://avatars.githubusercontent.com/u/128139875?v=4&s=80",
    "contributions": 5,
    "profile_url": "https://github.com/UmmItKin",
    "username": "UmmItKin"
  },
  {
    "avatar_url": "https://avatars.githubusercontent.com/u/14915201?v=4&s=80",
    "contributions": 4,
    "profile_url": "https://github.com/tekdahl",
    "username": "tekdahl"
  },
  {
    "avatar_url": "https://avatars.githubusercontent.com/u/74207682?v=4&s=80",
    "contributions": 4,
    "profile_url": "https://github.com/d4rklynk",
    "username": "d4rklynk"
  },
  {
    "avatar_url": "https://avatars.githubusercontent.com/u/43378713?v=4&s=80",
    "contributions": 4,
    "profile_url": "https://github.com/DiogoM1",
    "username": "DiogoM1"
  },
  {
    "avatar_url": "https://avatars.githubusercontent.com/u/155637304?v=4&s=80",
    "contributions": 4,
    "profile_url": "https://github.com/sculptor189",
    "username": "sculptor189"
  },
  {
    "avatar_url": "https://avatars.githubusercontent.com/u/68415893?v=4&s=80",
    "contributions": 4,
    "profile_url": "https://github.com/jason810496",
    "username": "jason810496"
  },
  {
    "avatar_url": "https://avatars.githubusercontent.com/u/3164256?v=4&s=80",
    "contributions": 4,
    "profile_url": "https://github.com/MayMeow",
    "username": "MayMeow"
  },
  {
    "avatar_url": "https://avatars.githubusercontent.com/u/65008174?v=4&s=80",
    "contributions": 4,
    "profile_url": "https://github.com/flohoss",
    "username": "flohoss"
  },
  {
    "avatar_url": "https://avatars.githubusercontent.com/u/18169566?v=4&s=80",
    "contributions": 4,
    "profile_url": "https://github.com/deining",
    "username": "deining"
  },
  {
    "avatar_url": "https://avatars.githubusercontent.com/u/8541450?v=4&s=80",
    "contributions": 4,
    "profile_url": "https://github.com/AlanTanner",
    "username": "AlanTanner"
  },
  {
    "avatar_url": "https://avatars.githubusercontent.com/u/14219201?v=4&s=80",
    "contributions": 4,
    "profile_url": "https://github.com/aakashnand",
    "username": "aakashnand"
  },
  {
    "avatar_url": "https://avatars.githubusercontent.com/u/44194527?v=4&s=80",
    "contributions": 3,
    "profile_url": "https://github.com/unacro",
    "username": "unacro"
  },
  {
    "avatar_url": "https://avatars.githubusercontent.com/u/100203867?v=4&s=80",
    "contributions": 3,
    "profile_url": "https://github.com/adilhyz",
    "username": "adilhyz"
  },
  {
    "avatar_url": "https://avatars.githubusercontent.com/u/41281398?v=4&s=80",
    "contributions": 3,
    "profile_url": "https://github.com/WilliamRagstad",
    "username": "WilliamRagstad"
  },
  {
    "avatar_url": "https://avatars.githubusercontent.com/u/6476604?v=4&s=80",
    "contributions": 3,
    "profile_url": "https://github.com/timcappalli",
    "username": "timcappalli"
  },
  {
    "avatar_url": "https://avatars.githubusercontent.com/u/1386868?v=4&s=80",
    "contributions": 3,
    "profile_url": "https://github.com/rlan",
    "username": "rlan"
  },
  {
    "avatar_url": "https://avatars.githubusercontent.com/u/15385020?v=4&s=80",
    "contributions": 3,
    "profile_url": "https://github.com/ModdyLP",
    "username": "ModdyLP"
  },
  {
    "avatar_url": "https://avatars.githubusercontent.com/u/139241743?v=4&s=80",
    "contributions": 3,
    "profile_url": "https://github.com/JahsehJ",
    "username": "JahsehJ"
  },
  {
    "avatar_url": "https://avatars.githubusercontent.com/u/18405490?v=4&s=80",
    "contributions": 3,
    "profile_url": "https://github.com/GuillaumeASSIER",
    "username": "GuillaumeASSIER"
  },
  {
    "avatar_url": "https://avatars.githubusercontent.com/u/85546881?v=4&s=80",
    "contributions": 3,
    "profile_url": "https://github.com/Xeonzilla",
    "username": "Xeonzilla"
  },
  {
    "avatar_url": "https://avatars.githubusercontent.com/u/60493188?v=4&s=80",
    "contributions": 3,
    "profile_url": "https://github.com/hudsonm62",
    "username": "hudsonm62"
  },
  {
    "avatar_url": "https://avatars.githubusercontent.com/u/3191949?v=4&s=80",
    "contributions": 3,
    "profile_url": "https://github.com/Goudarz",
    "username": "Goudarz"
  },
  {
    "avatar_url": "https://avatars.githubusercontent.com/u/13023025?v=4&s=80",
    "contributions": 3,
    "profile_url": "https://github.com/Coehill",
    "username": "Coehill"
  },
  {
    "avatar_url": "https://avatars.githubusercontent.com/u/1698841?v=4&s=80",
    "contributions": 3,
    "profile_url": "https://github.com/eallion",
    "username": "eallion"
  },
  {
    "avatar_url": "https://avatars.githubusercontent.com/u/11729404?v=4&s=80",
    "contributions": 3,
    "profile_url": "https://github.com/lemonase",
    "username": "lemonase"
  },
  {
    "avatar_url": "https://avatars.githubusercontent.com/u/75202541?v=4&s=80",
    "contributions": 3,
    "profile_url": "https://github.com/krishna-santosh",
    "username": "krishna-santosh"
  },
  {
    "avatar_url": "https://avatars.githubusercontent.com/u/1080487?v=4&s=80",
    "contributions": 3,
    "profile_url": "https://github.com/Scoty",
    "username": "Scoty"
  },
  {
    "avatar_url": "https://avatars.githubusercontent.com/u/91547012?v=4&s=80",
    "contributions": 3,
    "profile_url": "https://github.com/Sunrongguo2008",
    "username": "Sunrongguo2008"
  },
  {
    "avatar_url": "https://avatars.githubusercontent.com/u/128829398?v=4&s=80",
    "contributions": 3,
    "profile_url": "https://github.com/StepaniaH",
    "username": "StepaniaH"
  },
  {
    "avatar_url": "https://avatars.githubusercontent.com/u/43930380?v=4&s=80",
    "contributions": 3,
    "profile_url": "https://github.com/albertonl",
    "username": "albertonl"
  },
  {
    "avatar_url": "https://avatars.githubusercontent.com/u/415688?v=4&s=80",
    "contributions": 2,
    "profile_url": "https://github.com/adir1",
    "username": "adir1"
  },
  {
    "avatar_url": "https://avatars.githubusercontent.com/u/3538109?v=4&s=80",
    "contributions": 2,
    "profile_url": "https://github.com/ncocchiaro",
    "username": "ncocchiaro"
  },
  {
    "avatar_url": "https://avatars.githubusercontent.com/u/1096448?v=4&s=80",
    "contributions": 2,
    "profile_url": "https://github.com/pwhittlesea",
    "username": "pwhittlesea"
  },
  {
    "avatar_url": "https://avatars.githubusercontent.com/u/1633293?v=4&s=80",
    "contributions": 2,
    "profile_url": "https://github.com/crodrigocs",
    "username": "crodrigocs"
  },
  {
    "avatar_url": "https://avatars.githubusercontent.com/u/75058058?v=4&s=80",
    "contributions": 2,
    "profile_url": "https://github.com/StandingPadAnimations",
    "username": "StandingPadAnimations"
  },
  {
    "avatar_url": "https://avatars.githubusercontent.com/u/44976946?v=4&s=80",
    "contributions": 2,
    "profile_url": "https://github.com/maciejopalinski",
    "username": "maciejopalinski"
  },
  {
    "avatar_url": "https://avatars.githubusercontent.com/u/24326642?v=4&s=80",
    "contributions": 2,
    "profile_url": "https://github.com/utrodus",
    "username": "utrodus"
  },
  {
    "avatar_url": "https://avatars.githubusercontent.com/u/11025519?v=4&s=80",
    "contributions": 2,
    "profile_url": "https://github.com/xwjdsh",
    "username": "xwjdsh"
  },
  {
    "avatar_url": "https://avatars.githubusercontent.com/u/97746?v=4&s=80",
    "contributions": 2,
    "profile_url": "https://github.com/das-g",
    "username": "das-g"
  },
  {
    "avatar_url": "https://avatars.githubusercontent.com/u/7567933?v=4&s=80",
    "contributions": 2,
    "profile_url": "https://github.com/v20100v",
    "username": "v20100v"
  },
  {
    "avatar_url": "https://avatars.githubusercontent.com/u/160235066?v=4&s=80",
    "contributions": 2,
    "profile_url": "https://github.com/t1mssc",
    "username": "t1mssc"
  },
  {
    "avatar_url": "https://avatars.githubusercontent.com/u/21687187?v=4&s=80",
    "contributions": 2,
    "profile_url": "https://github.com/arunoruto",
    "username": "arunoruto"
  },
  {
    "avatar_url": "https://avatars.githubusercontent.com/u/85863932?v=4&s=80",
    "contributions": 2,
    "profile_url": "https://github.com/lukapiplica",
    "username": "lukapiplica"
  },
  {
    "avatar_url": "https://avatars.githubusercontent.com/u/95191347?v=4&s=80",
    "contributions": 2,
    "profile_url": "https://github.com/micheledinelli",
    "username": "micheledinelli"
  },
  {
    "avatar_url": "https://avatars.githubusercontent.com/u/138979906?v=4&s=80",
    "contributions": 2,
    "profile_url": "https://github.com/mtheindiecoder",
    "username": "mtheindiecoder"
  },
  {
    "avatar_url": "https://avatars.githubusercontent.com/u/43662951?v=4&s=80",
    "contributions": 2,
    "profile_url": "https://github.com/NikarashiHatsu",
    "username": "NikarashiHatsu"
  },
  {
    "avatar_url": "https://avatars.githubusercontent.com/u/1899950?v=4&s=80",
    "contributions": 2,
    "profile_url": "https://github.com/anapaulagomes",
    "username": "anapaulagomes"
  },
  {
    "avatar_url": "https://avatars.githubusercontent.com/u/52729505?v=4&s=80",
    "contributions": 2,
    "profile_url": "https://github.com/ChristianHering",
    "username": "ChristianHering"
  },
  {
    "avatar_url": "https://avatars.githubusercontent.com/u/2982698?v=4&s=80",
    "contributions": 2,
    "profile_url": "https://github.com/voigt",
    "username": "voigt"
  },
  {
    "avatar_url": "https://avatars.githubusercontent.com/u/81472122?v=4&s=80",
    "contributions": 2,
    "profile_url": "https://github.com/dahisea",
    "username": "dahisea"
  },
  {
    "avatar_url": "https://avatars.githubusercontent.com/u/145149410?v=4&s=80",
    "contributions": 2,
    "profile_url": "https://github.com/TheDidek",
    "username": "TheDidek"
  },
  {
    "avatar_url": "https://avatars.githubusercontent.com/u/15970369?v=4&s=80",
    "contributions": 2,
    "profile_url": "https://github.com/EmilienMottet",
    "username": "EmilienMottet"
  },
  {
    "avatar_url": "https://avatars.githubusercontent.com/u/73739511?v=4&s=80",
    "contributions": 2,
    "profile_url": "https://github.com/nveshaan",
    "username": "nveshaan"
  },
  {
    "avatar_url": "https://avatars.githubusercontent.com/u/17978807?v=4&s=80",
    "contributions": 2,
    "profile_url": "https://github.com/gabrielgbs97",
    "username": "gabrielgbs97"
  },
  {
    "avatar_url": "https://avatars.githubusercontent.com/u/92675206?v=4&s=80",
    "contributions": 2,
    "profile_url": "https://github.com/ILoveBacteria",
    "username": "ILoveBacteria"
  },
  {
    "avatar_url": "https://avatars.githubusercontent.com/u/30605984?v=4&s=80",
    "contributions": 2,
    "profile_url": "https://github.com/MilesPernicious",
    "username": "MilesPernicious"
  },
  {
    "avatar_url": "https://avatars.githubusercontent.com/u/1018475?v=4&s=80",
    "contributions": 2,
    "profile_url": "https://github.com/milesbarr",
    "username": "milesbarr"
  },
  {
    "avatar_url": "https://avatars.githubusercontent.com/u/5813378?v=4&s=80",
    "contributions": 2,
    "profile_url": "https://github.com/Flexicon",
    "username": "Flexicon"
  },
  {
    "avatar_url": "https://avatars.githubusercontent.com/u/143170516?v=4&s=80",
    "contributions": 2,
    "profile_url": "https://github.com/michael1-0",
    "username": "michael1-0"
  },
  {
    "avatar_url": "https://avatars.githubusercontent.com/u/8990777?v=4&s=80",
    "contributions": 2,
    "profile_url": "https://github.com/jamesbraza",
    "username": "jamesbraza"
  },
  {
    "avatar_url": "https://avatars.githubusercontent.com/u/84158931?v=4&s=80",
    "contributions": 2,
    "profile_url": "https://github.com/joush007",
    "username": "joush007"
  },
  {
    "avatar_url": "https://avatars.githubusercontent.com/u/273727?v=4&s=80",
    "contributions": 2,
    "profile_url": "https://github.com/marians",
    "username": "marians"
  },
  {
    "avatar_url": "https://avatars.githubusercontent.com/u/11875232?v=4&s=80",
    "contributions": 2,
    "profile_url": "https://github.com/kieran-lowe",
    "username": "kieran-lowe"
  },
  {
    "avatar_url": "https://avatars.githubusercontent.com/u/12704135?v=4&s=80",
    "contributions": 2,
    "profile_url": "https://github.com/jnonino",
    "username": "jnonino"
  },
  {
    "avatar_url": "https://avatars.githubusercontent.com/u/6557195?v=4&s=80",
    "contributions": 1,
    "profile_url": "https://github.com/tveyben",
    "username": "tveyben"
  },
  {
    "avatar_url": "https://avatars.githubusercontent.com/u/3536736?v=4&s=80",
    "contributions": 1,
    "profile_url": "https://github.com/vehagn",
    "username": "vehagn"
  },
  {
    "avatar_url": "https://avatars.githubusercontent.com/u/149526512?v=4&s=80",
    "contributions": 1,
    "profile_url": "https://github.com/knowinginner",
    "username": "knowinginner"
  },
  {
    "avatar_url": "https://avatars.githubusercontent.com/u/6816866?v=4&s=80",
    "contributions": 1,
    "profile_url": "https://github.com/wtermini",
    "username": "wtermini"
  },
  {
    "avatar_url": "https://avatars.githubusercontent.com/u/1680659?v=4&s=80",
    "contributions": 1,
    "profile_url": "https://github.com/wolfspyre",
    "username": "wolfspyre"
  },
  {
    "avatar_url": "https://avatars.githubusercontent.com/u/241652649?v=4&s=80",
    "contributions": 1,
    "profile_url": "https://github.com/yozlog",
    "username": "yozlog"
  },
  {
    "avatar_url": "https://avatars.githubusercontent.com/u/52602415?v=4&s=80",
    "contributions": 1,
    "profile_url": "https://github.com/yag0x1",
    "username": "yag0x1"
  },
  {
    "avatar_url": "https://avatars.githubusercontent.com/u/32224410?v=4&s=80",
    "contributions": 1,
    "profile_url": "https://github.com/zoriya",
    "username": "zoriya"
  },
  {
    "avatar_url": "https://avatars.githubusercontent.com/u/89642388?v=4&s=80",
    "contributions": 1,
    "profile_url": "https://github.com/LarvenStein",
    "username": "LarvenStein"
  },
  {
    "avatar_url": "https://avatars.githubusercontent.com/u/57440983?v=4&s=80",
    "contributions": 1,
    "profile_url": "https://github.com/bootlegcoal",
    "username": "bootlegcoal"
  },
  {
    "avatar_url": "https://avatars.githubusercontent.com/u/41291879?v=4&s=80",
    "contributions": 1,
    "profile_url": "https://github.com/cEvolve05",
    "username": "cEvolve05"
  },
  {
    "avatar_url": "https://avatars.githubusercontent.com/u/63226956?v=4&s=80",
    "contributions": 1,
    "profile_url": "https://github.com/daytaur",
    "username": "daytaur"
  },
  {
    "avatar_url": "https://avatars.githubusercontent.com/u/448429?v=4&s=80",
    "contributions": 1,
    "profile_url": "https://github.com/dky",
    "username": "dky"
  },
  {
    "avatar_url": "https://avatars.githubusercontent.com/u/116770736?v=4&s=80",
    "contributions": 1,
    "profile_url": "https://github.com/githubdand",
    "username": "githubdand"
  },
  {
    "avatar_url": "https://avatars.githubusercontent.com/u/108755164?v=4&s=80",
    "contributions": 1,
    "profile_url": "https://github.com/grahamking22",
    "username": "grahamking22"
  },
  {
    "avatar_url": "https://avatars.githubusercontent.com/u/42983358?v=4&s=80",
    "contributions": 1,
    "profile_url": "https://github.com/igorr0driguez",
    "username": "igorr0driguez"
  },
  {
    "avatar_url": "https://avatars.githubusercontent.com/u/25508537?v=4&s=80",
    "contributions": 1,
    "profile_url": "https://github.com/hellstabber",
    "username": "hellstabber"
  },
  {
    "avatar_url": "https://avatars.githubusercontent.com/u/290924?v=4&s=80",
    "contributions": 1,
    "profile_url": "https://github.com/pjkundert",
    "username": "pjkundert"
  },
  {
    "avatar_url": "https://avatars.githubusercontent.com/u/1530082?v=4&s=80",
    "contributions": 1,
    "profile_url": "https://github.com/technicat",
    "username": "technicat"
  },
  {
    "avatar_url": "https://avatars.githubusercontent.com/u/110785?v=4&s=80",
    "contributions": 1,
    "profile_url": "https://github.com/breard-r",
    "username": "breard-r"
  },
  {
    "avatar_url": "https://avatars.githubusercontent.com/u/90345171?v=4&s=80",
    "contributions": 1,
    "profile_url": "https://github.com/RolandMarchand",
    "username": "RolandMarchand"
  },
  {
    "avatar_url": "https://avatars.githubusercontent.com/u/68074047?v=4&s=80",
    "contributions": 1,
    "profile_url": "https://github.com/RotrixLOL",
    "username": "RotrixLOL"
  },
  {
    "avatar_url": "https://avatars.githubusercontent.com/u/33808743?v=4&s=80",
    "contributions": 1,
    "profile_url": "https://github.com/Coronon",
    "username": "Coronon"
  },
  {
    "avatar_url": "https://avatars.githubusercontent.com/u/101061604?v=4&s=80",
    "contributions": 1,
    "profile_url": "https://github.com/ItsJustRuby",
    "username": "ItsJustRuby"
  },
  {
    "avatar_url": "https://avatars.githubusercontent.com/u/78424701?v=4&s=80",
    "contributions": 1,
    "profile_url": "https://github.com/sajayprakash",
    "username": "sajayprakash"
  },
  {
    "avatar_url": "https://avatars.githubusercontent.com/u/20642596?v=4&s=80",
    "contributions": 1,
    "profile_url": "https://github.com/sakarie9",
    "username": "sakarie9"
  },
  {
    "avatar_url": "https://avatars.githubusercontent.com/u/39483124?v=4&s=80",
    "contributions": 1,
    "profile_url": "https://github.com/scottmckendry",
    "username": "scottmckendry"
  },
  {
    "avatar_url": "https://avatars.githubusercontent.com/u/22508776?v=4&s=80",
    "contributions": 1,
    "profile_url": "https://github.com/Sean12697",
    "username": "Sean12697"
  },
  {
    "avatar_url": "https://avatars.githubusercontent.com/u/46564709?v=4&s=80",
    "contributions": 1,
    "profile_url": "https://github.com/scambelo",
    "username": "scambelo"
  },
  {
    "avatar_url": "https://avatars.githubusercontent.com/u/231764?v=4&s=80",
    "contributions": 1,
    "profile_url": "https://github.com/sergiod26",
    "username": "sergiod26"
  },
  {
    "avatar_url": "https://avatars.githubusercontent.com/u/69096852?v=4&s=80",
    "contributions": 1,
    "profile_url": "https://github.com/akatsukiro",
    "username": "akatsukiro"
  },
  {
    "avatar_url": "https://avatars.githubusercontent.com/u/48999343?v=4&s=80",
    "contributions": 1,
    "profile_url": "https://github.com/sorairolake",
    "username": "sorairolake"
  },
  {
    "avatar_url": "https://avatars.githubusercontent.com/u/59593757?v=4&s=80",
    "contributions": 1,
    "profile_url": "https://github.com/dotlineX",
    "username": "dotlineX"
  },
  {
    "avatar_url": "https://avatars.githubusercontent.com/u/104208991?v=4&s=80",
    "contributions": 1,
    "profile_url": "https://github.com/TheLunaticDev",
    "username": "TheLunaticDev"
  },
  {
    "avatar_url": "https://avatars.githubusercontent.com/u/104967223?v=4&s=80",
    "contributions": 1,
    "profile_url": "https://github.com/tarunjana",
    "username": "tarunjana"
  },
  {
    "avatar_url": "https://avatars.githubusercontent.com/u/59875752?v=4&s=80",
    "contributions": 1,
    "profile_url": "https://github.com/tan5166",
    "username": "tan5166"
  },
  {
    "avatar_url": "https://avatars.githubusercontent.com/u/38990875?v=4&s=80",
    "contributions": 1,
    "profile_url": "https://github.com/tb1337",
    "username": "tb1337"
  },
  {
    "avatar_url": "https://avatars.githubusercontent.com/u/6664588?v=4&s=80",
    "contributions": 1,
    "profile_url": "https://github.com/TESTPERSONAL",
    "username": "TESTPERSONAL"
  },
  {
    "avatar_url": "https://avatars.githubusercontent.com/u/4154742?v=4&s=80",
    "contributions": 1,
    "profile_url": "https://github.com/tfuryan",
    "username": "tfuryan"
  },
  {
    "avatar_url": "https://avatars.githubusercontent.com/u/45003572?v=4&s=80",
    "contributions": 1,
    "profile_url": "https://github.com/thetorminal",
    "username": "thetorminal"
  },
  {
    "avatar_url": "https://avatars.githubusercontent.com/u/36831801?v=4&s=80",
    "contributions": 1,
    "profile_url": "https://github.com/bonniss",
    "username": "bonniss"
  },
  {
    "avatar_url": "https://avatars.githubusercontent.com/u/34556872?v=4&s=80",
    "contributions": 1,
    "profile_url": "https://github.com/tygutowski",
    "username": "tygutowski"
  },
  {
    "avatar_url": "https://avatars.githubusercontent.com/u/194080755?v=4&s=80",
    "contributions": 1,
    "profile_url": "https://github.com/willhack-g",
    "username": "willhack-g"
  },
  {
    "avatar_url": "https://avatars.githubusercontent.com/u/11867924?v=4&s=80",
    "contributions": 1,
    "profile_url": "https://github.com/xixici",
    "username": "xixici"
  },
  {
    "avatar_url": "https://avatars.githubusercontent.com/u/205398674?v=4&s=80",
    "contributions": 1,
    "profile_url": "https://github.com/irusukan",
    "username": "irusukan"
  },
  {
    "avatar_url": "https://avatars.githubusercontent.com/u/1940699?v=4&s=80",
    "contributions": 1,
    "profile_url": "https://github.com/zizicici",
    "username": "zizicici"
  },
  {
    "avatar_url": "https://avatars.githubusercontent.com/u/49552476?v=4&s=80",
    "contributions": 1,
    "profile_url": "https://github.com/zzz929625",
    "username": "zzz929625"
  },
  {
    "avatar_url": "https://avatars.githubusercontent.com/u/3390639?v=4&s=80",
    "contributions": 1,
    "profile_url": "https://github.com/vorons",
    "username": "vorons"
  },
  {
    "avatar_url": "https://avatars.githubusercontent.com/u/103346707?v=4&s=80",
    "contributions": 1,
    "profile_url": "https://github.com/ToDreamr",
    "username": "ToDreamr"
  },
  {
    "avatar_url": "https://avatars.githubusercontent.com/u/45310067?v=4&s=80",
    "contributions": 1,
    "profile_url": "https://github.com/vkmki001",
    "username": "vkmki001"
  },
  {
    "avatar_url": "https://avatars.githubusercontent.com/u/6418340?v=4&s=80",
    "contributions": 1,
    "profile_url": "https://github.com/demo007x",
    "username": "demo007x"
  },
  {
    "avatar_url": "https://avatars.githubusercontent.com/u/46253950?v=4&s=80",
    "contributions": 1,
    "profile_url": "https://github.com/GrassBlock1",
    "username": "GrassBlock1"
  },
  {
    "avatar_url": "https://avatars.githubusercontent.com/u/101440816?v=4&s=80",
    "contributions": 1,
    "profile_url": "https://github.com/HeTongRe4per",
    "username": "HeTongRe4per"
  },
  {
    "avatar_url": "https://avatars.githubusercontent.com/u/60428176?v=4&s=80",
    "contributions": 1,
    "profile_url": "https://github.com/istvanmerza",
    "username": "istvanmerza"
  },
  {
    "avatar_url": "https://avatars.githubusercontent.com/u/54836559?v=4&s=80",
    "contributions": 1,
    "profile_url": "https://github.com/kame404",
    "username": "kame404"
  },
  {
    "avatar_url": "https://avatars.githubusercontent.com/u/105578077?v=4&s=80",
    "contributions": 1,
    "profile_url": "https://github.com/f-hollow",
    "username": "f-hollow"
  },
  {
    "avatar_url": "https://avatars.githubusercontent.com/u/2920259?v=4&s=80",
    "contributions": 1,
    "profile_url": "https://github.com/kurokobo",
    "username": "kurokobo"
  },
  {
    "avatar_url": "https://avatars.githubusercontent.com/u/97147686?v=4&s=80",
    "contributions": 1,
    "profile_url": "https://github.com/alpacayarn",
    "username": "alpacayarn"
  },
  {
    "avatar_url": "https://avatars.githubusercontent.com/u/172375883?v=4&s=80",
    "contributions": 1,
    "profile_url": "https://github.com/lambertwiddersinn",
    "username": "lambertwiddersinn"
  },
  {
    "avatar_url": "https://avatars.githubusercontent.com/u/40534905?v=4&s=80",
    "contributions": 1,
    "profile_url": "https://github.com/lelouvincx",
    "username": "lelouvincx"
  },
  {
    "avatar_url": "https://avatars.githubusercontent.com/u/38066332?v=4&s=80",
    "contributions": 1,
    "profile_url": "https://github.com/marko78700",
    "username": "marko78700"
  },
  {
    "avatar_url": "https://avatars.githubusercontent.com/u/151992569?v=4&s=80",
    "contributions": 1,
    "profile_url": "https://github.com/morethan987",
    "username": "morethan987"
  },
  {
    "avatar_url": "https://avatars.githubusercontent.com/u/9695227?v=4&s=80",
    "contributions": 1,
    "profile_url": "https://github.com/monstermuffin",
    "username": "monstermuffin"
  },
  {
    "avatar_url": "https://avatars.githubusercontent.com/u/18094720?v=4&s=80",
    "contributions": 1,
    "profile_url": "https://github.com/nicholas-alonzo",
    "username": "nicholas-alonzo"
  },
  {
    "avatar_url": "https://avatars.githubusercontent.com/u/38505121?v=4&s=80",
    "contributions": 1,
    "profile_url": "https://github.com/Ohdmire",
    "username": "Ohdmire"
  },
  {
    "avatar_url": "https://avatars.githubusercontent.com/u/64088184?v=4&s=80",
    "contributions": 1,
    "profile_url": "https://github.com/papo1011",
    "username": "papo1011"
  },
  {
    "avatar_url": "https://avatars.githubusercontent.com/u/19363009?v=4&s=80",
    "contributions": 1,
    "profile_url": "https://github.com/quasialex",
    "username": "quasialex"
  },
  {
    "avatar_url": "https://avatars.githubusercontent.com/u/252658762?v=4&s=80",
    "contributions": 1,
    "profile_url": "https://github.com/reyneese",
    "username": "reyneese"
  },
  {
    "avatar_url": "https://avatars.githubusercontent.com/u/53149254?v=4&s=80",
    "contributions": 1,
    "profile_url": "https://github.com/ripplesding",
    "username": "ripplesding"
  },
  {
    "avatar_url": "https://avatars.githubusercontent.com/u/66280613?v=4&s=80",
    "contributions": 1,
    "profile_url": "https://github.com/roib20",
    "username": "roib20"
  },
  {
    "avatar_url": "https://avatars.githubusercontent.com/u/39915210?v=4&s=80",
    "contributions": 1,
    "profile_url": "https://github.com/schachem",
    "username": "schachem"
  },
  {
    "avatar_url": "https://avatars.githubusercontent.com/u/114682512?v=4&s=80",
    "contributions": 1,
    "profile_url": "https://github.com/Chill-Try",
    "username": "Chill-Try"
  },
  {
    "avatar_url": "https://avatars.githubusercontent.com/u/1213088?v=4&s=80",
    "contributions": 1,
    "profile_url": "https://github.com/Taffer",
    "username": "Taffer"
  },
  {
    "avatar_url": "https://avatars.githubusercontent.com/u/36474372?v=4&s=80",
    "contributions": 1,
    "profile_url": "https://github.com/clemsau",
    "username": "clemsau"
  },
  {
    "avatar_url": "https://avatars.githubusercontent.com/u/49837021?v=4&s=80",
    "contributions": 1,
    "profile_url": "https://github.com/CommanderKen",
    "username": "CommanderKen"
  },
  {
    "avatar_url": "https://avatars.githubusercontent.com/u/19717231?v=4&s=80",
    "contributions": 1,
    "profile_url": "https://github.com/consod",
    "username": "consod"
  },
  {
    "avatar_url": "https://avatars.githubusercontent.com/u/6648458?v=4&s=80",
    "contributions": 1,
    "profile_url": "https://github.com/DXPetti",
    "username": "DXPetti"
  },
  {
    "avatar_url": "https://avatars.githubusercontent.com/u/19692206?v=4&s=80",
    "contributions": 1,
    "profile_url": "https://github.com/dansailer",
    "username": "dansailer"
  },
  {
    "avatar_url": "https://avatars.githubusercontent.com/u/60457914?v=4&s=80",
    "contributions": 1,
    "profile_url": "https://github.com/davidwritesxyz",
    "username": "davidwritesxyz"
  },
  {
    "avatar_url": "https://avatars.githubusercontent.com/u/186013?v=4&s=80",
    "contributions": 1,
    "profile_url": "https://github.com/WarFox",
    "username": "WarFox"
  },
  {
    "avatar_url": "https://avatars.githubusercontent.com/u/32876?v=4&s=80",
    "contributions": 1,
    "profile_url": "https://github.com/zzamboni",
    "username": "zzamboni"
  },
  {
    "avatar_url": "https://avatars.githubusercontent.com/u/65770837?v=4&s=80",
    "contributions": 1,
    "profile_url": "https://github.com/TechnicalDC",
    "username": "TechnicalDC"
  },
  {
    "avatar_url": "https://avatars.githubusercontent.com/u/135074036?v=4&s=80",
    "contributions": 1,
    "profile_url": "https://github.com/CodeBotD",
    "username": "CodeBotD"
  },
  {
    "avatar_url": "https://avatars.githubusercontent.com/u/165360101?v=4&s=80",
    "contributions": 1,
    "profile_url": "https://github.com/mrtruongvu",
    "username": "mrtruongvu"
  },
  {
    "avatar_url": "https://avatars.githubusercontent.com/u/152518?v=4&s=80",
    "contributions": 1,
    "profile_url": "https://github.com/seniordevops7",
    "username": "seniordevops7"
  },
  {
    "avatar_url": "https://avatars.githubusercontent.com/u/83219076?v=4&s=80",
    "contributions": 1,
    "profile_url": "https://github.com/falkyoung",
    "username": "falkyoung"
  },
  {
    "avatar_url": "https://avatars.githubusercontent.com/u/130291621?v=4&s=80",
    "contributions": 1,
    "profile_url": "https://github.com/Flyburg",
    "username": "Flyburg"
  },
  {
    "avatar_url": "https://avatars.githubusercontent.com/u/110103843?v=4&s=80",
    "contributions": 1,
    "profile_url": "https://github.com/ghlrobin",
    "username": "ghlrobin"
  },
  {
    "avatar_url": "https://avatars.githubusercontent.com/u/8511620?v=4&s=80",
    "contributions": 1,
    "profile_url": "https://github.com/graeme-a-stewart",
    "username": "graeme-a-stewart"
  },
  {
    "avatar_url": "https://avatars.githubusercontent.com/u/48291064?v=4&s=80",
    "contributions": 1,
    "profile_url": "https://github.com/1an8r0wn",
    "username": "1an8r0wn"
  },
  {
    "avatar_url": "https://avatars.githubusercontent.com/u/4021653?v=4&s=80",
    "contributions": 1,
    "profile_url": "https://github.com/pawelngei",
    "username": "pawelngei"
  },
  {
    "avatar_url": "https://avatars.githubusercontent.com/u/34507800?v=4&s=80",
    "contributions": 1,
    "profile_url": "https://github.com/arahmitz",
    "username": "arahmitz"
  },
  {
    "avatar_url": "https://avatars.githubusercontent.com/u/1443326?v=4&s=80",
    "contributions": 1,
    "profile_url": "https://github.com/adriantunez",
    "username": "adriantunez"
  },
  {
    "avatar_url": "https://avatars.githubusercontent.com/u/18406448?v=4&s=80",
    "contributions": 1,
    "profile_url": "https://github.com/alejandro-ao",
    "username": "alejandro-ao"
  },
  {
    "avatar_url": "https://avatars.githubusercontent.com/u/30570?v=4&s=80",
    "contributions": 1,
    "profile_url": "https://github.com/soar",
    "username": "soar"
  },
  {
    "avatar_url": "https://avatars.githubusercontent.com/u/20808565?v=4&s=80",
    "contributions": 1,
    "profile_url": "https://github.com/almazkun",
    "username": "almazkun"
  },
  {
    "avatar_url": "https://avatars.githubusercontent.com/u/106857704?v=4&s=80",
    "contributions": 1,
    "profile_url": "https://github.com/BluesDriveAmelia",
    "username": "BluesDriveAmelia"
  },
  {
    "avatar_url": "https://avatars.githubusercontent.com/u/87539384?v=4&s=80",
    "contributions": 1,
    "profile_url": "https://github.com/Voicedrew11",
    "username": "Voicedrew11"
  },
  {
    "avatar_url": "https://avatars.githubusercontent.com/u/29356151?v=4&s=80",
    "contributions": 1,
    "profile_url": "https://github.com/archdron",
    "username": "archdron"
  },
  {
    "avatar_url": "https://avatars.githubusercontent.com/u/8441471?v=4&s=80",
    "contributions": 1,
    "profile_url": "https://github.com/encelo",
    "username": "encelo"
  },
  {
    "avatar_url": "https://avatars.githubusercontent.com/u/35307478?v=4&s=80",
    "contributions": 1,
    "profile_url": "https://github.com/arielgoes",
    "username": "arielgoes"
  },
  {
    "avatar_url": "https://avatars.githubusercontent.com/u/125642240?v=4&s=80",
    "contributions": 1,
    "profile_url": "https://github.com/abalajiksh",
    "username": "abalajiksh"
  },
  {
    "avatar_url": "https://avatars.githubusercontent.com/u/32015536?v=4&s=80",
    "contributions": 1,
    "profile_url": "https://github.com/AzzamAlsharafi",
    "username": "AzzamAlsharafi"
  },
  {
    "avatar_url": "https://avatars.githubusercontent.com/u/24466393?v=4&s=80",
    "contributions": 1,
    "profile_url": "https://github.com/bbagwang",
    "username": "bbagwang"
  },
  {
    "avatar_url": "https://avatars.githubusercontent.com/u/5474099?v=4&s=80",
    "contributions": 1,
    "profile_url": "https://github.com/bemnlam",
    "username": "bemnlam"
  },
  {
    "avatar_url": "https://avatars.githubusercontent.com/u/128264905?v=4&s=80",
    "contributions": 1,
    "profile_url": "https://github.com/b110011",
    "username": "b110011"
  },
  {
    "avatar_url": "https://avatars.githubusercontent.com/u/1781067?v=4&s=80",
    "contributions": 1,
    "profile_url": "https://github.com/Capprin",
    "username": "Capprin"
  },
  {
    "avatar_url": "https://avatars.githubusercontent.com/u/38843153?v=4&s=80",
    "contributions": 1,
    "profile_url": "https://github.com/mariuskimmina",
    "username": "mariuskimmina"
  },
  {
    "avatar_url": "https://avatars.githubusercontent.com/u/130518064?v=4&s=80",
    "contributions": 1,
    "profile_url": "https://github.com/MaruPandaBear",
    "username": "MaruPandaBear"
  },
  {
    "avatar_url": "https://avatars.githubusercontent.com/u/433958?v=4&s=80",
    "contributions": 1,
    "profile_url": "https://github.com/mauromorales",
    "username": "mauromorales"
  },
  {
    "avatar_url": "https://avatars.githubusercontent.com/u/2932890?v=4&s=80",
    "contributions": 1,
    "profile_url": "https://github.com/Menardi",
    "username": "Menardi"
  },
  {
    "avatar_url": "https://avatars.githubusercontent.com/u/6446231?v=4&s=80",
    "contributions": 1,
    "profile_url": "https://github.com/Metalhearf",
    "username": "Metalhearf"
  },
  {
    "avatar_url": "https://avatars.githubusercontent.com/u/2269147?v=4&s=80",
    "contributions": 1,
    "profile_url": "https://github.com/mpoore",
    "username": "mpoore"
  },
  {
    "avatar_url": "https://avatars.githubusercontent.com/u/3584824?v=4&s=80",
    "contributions": 1,
    "profile_url": "https://github.com/mike776",
    "username": "mike776"
  },
  {
    "avatar_url": "https://avatars.githubusercontent.com/u/18644226?v=4&s=80",
    "contributions": 1,
    "profile_url": "https://github.com/Moonlington",
    "username": "Moonlington"
  },
  {
    "avatar_url": "https://avatars.githubusercontent.com/u/97495721?v=4&s=80",
    "contributions": 1,
    "profile_url": "https://github.com/muhalvin",
    "username": "muhalvin"
  },
  {
    "avatar_url": "https://avatars.githubusercontent.com/u/895162?v=4&s=80",
    "contributions": 1,
    "profile_url": "https://github.com/NSStudent",
    "username": "NSStudent"
  },
  {
    "avatar_url": "https://avatars.githubusercontent.com/u/24370162?v=4&s=80",
    "contributions": 1,
    "profile_url": "https://github.com/deltaclock",
    "username": "deltaclock"
  },
  {
    "avatar_url": "https://avatars.githubusercontent.com/u/47244836?v=4&s=80",
    "contributions": 1,
    "profile_url": "https://github.com/ennnbeee",
    "username": "ennnbeee"
  },
  {
    "avatar_url": "https://avatars.githubusercontent.com/u/2922075?v=4&s=80",
    "contributions": 1,
    "profile_url": "https://github.com/NickBouwhuis",
    "username": "NickBouwhuis"
  },
  {
    "avatar_url": "https://avatars.githubusercontent.com/u/28212995?v=4&s=80",
    "contributions": 1,
    "profile_url": "https://github.com/noorkhafidzin",
    "username": "noorkhafidzin"
  },
  {
    "avatar_url": "https://avatars.githubusercontent.com/u/96205?v=4&s=80",
    "contributions": 1,
    "profile_url": "https://github.com/oalders",
    "username": "oalders"
  },
  {
    "avatar_url": "https://avatars.githubusercontent.com/u/42464565?v=4&s=80",
    "contributions": 1,
    "profile_url": "https://github.com/OldTyT",
    "username": "OldTyT"
  },
  {
    "avatar_url": "https://avatars.githubusercontent.com/u/518090?v=4&s=80",
    "contributions": 1,
    "profile_url": "https://github.com/Finkregh",
    "username": "Finkregh"
  },
  {
    "avatar_url": "https://avatars.githubusercontent.com/u/60482496?v=4&s=80",
    "contributions": 1,
    "profile_url": "https://github.com/OnqiauJliu",
    "username": "OnqiauJliu"
  },
  {
    "avatar_url": "https://avatars.githubusercontent.com/u/1822861?v=4&s=80",
    "contributions": 1,
    "profile_url": "https://github.com/tSU-RooT",
    "username": "tSU-RooT"
  },
  {
    "avatar_url": "https://avatars.githubusercontent.com/u/47142521?v=4&s=80",
    "contributions": 1,
    "profile_url": "https://github.com/Henesys",
    "username": "Henesys"
  },
  {
    "avatar_url": "https://avatars.githubusercontent.com/u/2711997?v=4&s=80",
    "contributions": 1,
    "profile_url": "https://github.com/djkero",
    "username": "djkero"
  },
  {
    "avatar_url": "https://avatars.githubusercontent.com/u/4052437?v=4&s=80",
    "contributions": 1,
    "profile_url": "https://github.com/jannisdickmann",
    "username": "jannisdickmann"
  },
  {
    "avatar_url": "https://avatars.githubusercontent.com/u/9213972?v=4&s=80",
    "contributions": 1,
    "profile_url": "https://github.com/panjinbo",
    "username": "panjinbo"
  },
  {
    "avatar_url": "https://avatars.githubusercontent.com/u/6148201?v=4&s=80",
    "contributions": 1,
    "profile_url": "https://github.com/JVimes",
    "username": "JVimes"
  },
  {
    "avatar_url": "https://avatars.githubusercontent.com/u/4539395?v=4&s=80",
    "contributions": 1,
    "profile_url": "https://github.com/jojoclt",
    "username": "jojoclt"
  },
  {
    "avatar_url": "https://avatars.githubusercontent.com/u/26284765?v=4&s=80",
    "contributions": 1,
    "profile_url": "https://github.com/joshuablais",
    "username": "joshuablais"
  },
  {
    "avatar_url": "https://avatars.githubusercontent.com/u/15364991?v=4&s=80",
    "contributions": 1,
    "profile_url": "https://github.com/julianocosta89",
    "username": "julianocosta89"
  },
  {
    "avatar_url": "https://avatars.githubusercontent.com/u/57140394?v=4&s=80",
    "contributions": 1,
    "profile_url": "https://github.com/jundi14",
    "username": "jundi14"
  },
  {
    "avatar_url": "https://avatars.githubusercontent.com/u/129101708?v=4&s=80",
    "contributions": 1,
    "profile_url": "https://github.com/MrSom3body",
    "username": "MrSom3body"
  },
  {
    "avatar_url": "https://avatars.githubusercontent.com/u/34948192?v=4&s=80",
    "contributions": 1,
    "profile_url": "https://github.com/zen96k",
    "username": "zen96k"
  },
  {
    "avatar_url": "https://avatars.githubusercontent.com/u/38509982?v=4&s=80",
    "contributions": 1,
    "profile_url": "https://github.com/kszpieg",
    "username": "kszpieg"
  },
  {
    "avatar_url": "https://avatars.githubusercontent.com/u/35405191?v=4&s=80",
    "contributions": 1,
    "profile_url": "https://github.com/kmalloy24",
    "username": "kmalloy24"
  },
  {
    "avatar_url": "https://avatars.githubusercontent.com/u/171308798?v=4&s=80",
    "contributions": 1,
    "profile_url": "https://github.com/LesserCat",
    "username": "LesserCat"
  },
  {
    "avatar_url": "https://avatars.githubusercontent.com/u/39037919?v=4&s=80",
    "contributions": 1,
    "profile_url": "https://github.com/LuizGlomyer",
    "username": "LuizGlomyer"
  },
  {
    "avatar_url": "https://avatars.githubusercontent.com/u/45102464?v=4&s=80",
    "contributions": 1,
    "profile_url": "https://github.com/MaZe3D",
    "username": "MaZe3D"
  },
  {
    "avatar_url": "https://avatars.githubusercontent.com/u/12414284?v=4&s=80",
    "contributions": 1,
    "profile_url": "https://github.com/marcriera",
    "username": "marcriera"
  }
]
