[{"avatar_url":"https://avatars.githubusercontent.com/u/928965?u=f5d781ca0eb5cb5c7ce9e5ee5d3b24dae3d6e987\u0026v=4\u0026s=128","profile_url":"https://github.com/nazar-pc","username":"nazar-pc"},{"avatar_url":"https://avatars.githubusercontent.com/u/17061177?v=4\u0026s=128","profile_url":"https://github.com/ytocquet","username":"ytocquet"},{"avatar_url":"https://avatars.githubusercontent.com/u/49299328?v=4\u0026s=128","profile_url":"https://github.com/LITUATUI","username":"LITUATUI"},{"avatar_url":"https://avatars.githubusercontent.com/u/147227691?v=4\u0026s=128","profile_url":"https://github.com/AtmosphericIgnition","username":"AtmosphericIgnition"}]
